,year,code,constituency_id,predecessor_year,predecessor_code,intersect_area,previous_constituency_id
1,2019,A01,2039,2015,A01,2907060.641,1608
2,2019,A01,2039,2015,A13,349.7326051,1620
3,2019,A02,2040,2015,A02,331648.751,1609
4,2019,A03,2041,2015,A03,271588.0456,1610
5,2019,A04,2042,2015,A04,5757882.447,1611
6,2019,A05,2043,2015,A05,1531281.547,1612
7,2019,A06,2044,2015,A07,237295.8692,1614
8,2019,A07,2045,2015,A06,4929074.884,1613
9,2019,A08,2046,2015,A08,513423.7422,1615
10,2019,A09,2047,2015,A09,226738.6339,1616
11,2019,A10,2048,2015,A10,1034953.356,1617
12,2019,A10,2048,2015,A15,394.537928,1622
13,2019,A11,2049,2015,A11,,1618
14,2019,A12,2050,2015,A12,938184.5364,1619
15,2019,A13,2051,2015,A13,184688.2445,1620
16,2019,A13,2051,2015,A02,9839.670484,1609
17,2019,A13,2051,2015,A05,143.4225561,1612
18,2019,A14,2052,2015,A14,108798.9249,1621
19,2019,A15,2053,2015,A15,150348.2453,1622
20,2019,A15,2053,2015,A14,234.6965063,1621
21,2019,B01,2054,2015,B01,326503.096,1623
22,2019,B02,2055,2015,B02,367916.0958,1624
23,2019,B03,2056,2015,B03,669779.5285,1625
24,2019,B03,2056,2015,B09,9701.956006,1631
25,2019,B03,2056,2015,B04,2269.232543,1626
26,2019,B03,2056,2015,B07,17.13034435,1629
27,2019,B04,2057,2015,B06,231086.9607,1628
28,2019,B05,2058,2015,B04,1150632.394,1626
29,2019,B05,2058,2015,B05,35.03206159,1627
30,2019,B06,2059,2015,B05,158098.7936,1627
31,2019,B07,2060,2015,B07,403086.3593,1629
32,2019,B07,2060,2015,B04,418.8163777,1626
33,2019,B07,2060,2015,C15,28.70236027,1650
34,2019,B08,2061,2015,B08,2202341.36,1630
35,2019,B09,2062,2015,B09,529829.9748,1631
36,2019,B09,2062,2015,B03,138.9053515,1625
37,2019,B09,2062,2015,B06,3.601864683,1628
38,2019,B10,2063,2015,B10,444149.087,1632
39,2019,B10,2063,2015,B09,782.6206337,1631
40,2019,B10,2063,2015,B02,525.1265563,1624
41,2019,B10,2063,2015,B03,249.2333989,1625
42,2019,B11,2064,2015,B11,4214254.783,1633
43,2019,B12,2065,2015,B12,914969.8089,1634
44,2019,B13,2066,2015,B13,731835.6293,1635
45,2019,C01,2067,2015,C01,541545.7872,1636
46,2019,C02,2068,2015,C02,476616.6012,1637
47,2019,C03,2069,2015,C03,472516.778,1638
48,2019,C04,2070,2015,C28,189194.9776,1663
49,2019,C05,2071,2015,C04,101865.8364,1639
50,2019,C06,2072,2015,C05,102579.3803,1640
51,2019,C07,2073,2015,C06,1742468.36,1641
52,2019,C07,2073,2015,C29,2.323510888,1664
53,2019,C08,2074,2015,C07,742860.1072,1642
54,2019,C09,2075,2015,C08,1411397.937,1643
55,2019,C10,2076,2015,C09,967696.549,1644
56,2019,C11,2077,2015,C10,115618.8139,1645
57,2019,C12,2078,2015,C11,1764140.587,1646
58,2019,C13,2079,2015,C12,2927833.705,1647
59,2019,C14,2080,2015,C13,1994833.515,1648
60,2019,C15,2081,2015,C14,4183355.462,1649
61,2019,C15,2081,2015,C27,95.39592378,1662
62,2019,C16,2082,2015,C15,1600857.049,1650
63,2019,C16,2082,2015,C19,299.4394117,1654
64,2019,C17,2083,2015,C16,143725.7281,1651
65,2019,C18,2084,2015,C17,584249.1514,1652
66,2019,C19,2085,2015,C18,671149.8113,1653
67,2019,C20,2086,2015,C19,113164.8068,1654
68,2019,C21,2087,2015,C20,81778.82279,1655
69,2019,C22,2088,2015,C21,140239.9696,1656
70,2019,C23,2089,2015,C22,1228451.655,1657
71,2019,C24,2090,2015,C23,795130.0914,1658
72,2019,C25,2091,2015,C24,64992.01773,1659
73,2019,C26,2092,2015,C25,104781.9224,1660
74,2019,C27,2093,2015,C26,109727.7455,1661
75,2019,C27,2093,2015,C02,253.4804193,1637
76,2019,C28,2094,2015,C27,230167.3422,1662
77,2019,C29,2095,2015,C29,183204.9801,1664
78,2019,C29,2095,2015,C27,198.2435498,1662
79,2019,C29,2095,2015,C04,43.74473797,1639
80,2019,C30,2096,2015,C30,358031.4916,1665
81,2019,C31,2097,2015,C31,865237.0231,1666
82,2019,C32,2098,2015,C32,592929.9078,1667
83,2019,C33,2099,2015,C33,111372.8776,1668
84,2019,C33,2099,2015,C31,1249.736302,1666
85,2019,C33,2099,2015,C12,502.1592926,1647
86,2019,C34,2100,2015,C34,243132.064,1669
87,2019,C35,2101,2015,C35,154903.9376,1670
88,2019,D01,2102,2015,D01,1043638.274,1671
89,2019,D02,2103,2015,D02,91272.97956,1672
90,2019,D03,2104,2015,D03,152840.6894,1673
91,2019,D03,2104,2015,D06,323.1046139,1676
92,2019,D03,2104,2015,D05,104.5641253,1675
93,2019,D04,2105,2015,D04,2145245.386,1674
94,2019,D04,2105,2015,D06,600.4626566,1676
95,2019,D05,2106,2015,D05,99527.56241,1675
96,2019,D06,2107,2015,D06,1034819.291,1676
97,2019,D07,2108,2015,D07,327728.9582,1677
98,2019,D08,2109,2015,D08,1009147.279,1678
99,2019,D08,2109,2015,D12,370.4913872,1682
100,2019,D09,2110,2015,D09,493679.2505,1679
101,2019,D10,2111,2015,D10,202618.0147,1680
102,2019,D11,2112,2015,D11,5890465.387,1681
103,2019,D12,2113,2015,D12,1209797.614,1682
104,2019,D13,2114,2015,D13,592693.7064,1683
105,2019,D14,2115,2015,D14,73714.39254,1684
106,2019,D15,2116,2015,D15,2701875.713,1685
107,2019,D16,2117,2015,D16,23380935.16,1686
108,2019,D17,2118,2015,D17,53721874.6,1687
109,2019,E01,2119,2015,E01,2655322.098,1688
110,2019,E01,2119,2015,E02,309064.8681,1689
111,2019,E01,2119,2015,A01,77.61048834,1608
112,2019,E01,2119,2015,A12,15.7640968,1619
113,2019,E01,2119,2015,E19,8.056704449,1706
114,2019,E01,2119,2015,B13,6.641797919,1635
115,2019,E01,2119,2015,S26,1.611998753,2025
116,2019,E02,2120,2015,E01,1762303.297,1688
117,2019,E02,2120,2015,S26,1.598134345,2025
118,2019,E03,2121,2015,E03,332161.2624,1690
119,2019,E04,2122,2015,E04,443066.5609,1691
120,2019,E04,2122,2015,E19,235.2518229,1706
121,2019,E05,2123,2015,E05,,1692
122,2019,E06,2124,2015,E06,151399.1305,1693
123,2019,E06,2124,2015,E15,236.2232483,1702
124,2019,E06,2124,2015,E09,5.038771118,1696
125,2019,E06,2124,2015,E07,0.09566181644,1694
126,2019,E07,2125,2015,E07,223977.7359,1694
127,2019,E08,2126,2015,E08,,1695
128,2019,E08,2126,2015,E01,3334.508853,1688
129,2019,E08,2126,2015,E10,263.0869906,1697
130,2019,E08,2126,2015,E11,180.4159047,1698
131,2019,E09,2127,2015,E09,183703.5471,1696
132,2019,E09,2127,2015,E13,315.443163,1700
133,2019,E09,2127,2015,E06,35.93708378,1693
134,2019,E10,2128,2015,E10,117205.8029,1697
135,2019,E10,2128,2015,E12,1.881382059,1699
136,2019,E11,2129,2015,E11,115171.569,1698
137,2019,E12,2130,2015,E12,187536.9405,1699
138,2019,E12,2130,2015,E11,222.0382658,1698
139,2019,E13,2131,2015,E13,213221.9574,1700
140,2019,E14,2132,2015,E14,316540.1816,1701
141,2019,E14,2132,2015,F22,0.5646011413,1728
142,2019,E14,2132,2015,F06,0.1059871154,1712
143,2019,E15,2133,2015,E15,201333.836,1702
144,2019,E16,2134,2015,E16,136110.8311,1703
145,2019,E16,2134,2015,E17,11.188684,1704
146,2019,E17,2135,2015,E17,2381327.556,1704
147,2019,E18,2136,2015,E19,155662.388,1706
148,2019,E19,2137,2015,E02,127512.7074,1689
149,2019,E19,2137,2015,E01,71.08187144,1688
150,2019,E20,2138,2015,E18,477351.3361,1705
151,2019,F01,2139,2015,F01,144166.8224,1707
152,2019,F01,2139,2015,F02,117.7060975,1708
153,2019,F02,2140,2015,F02,179779.9249,1708
154,2019,F02,2140,2015,F04,2.094215586,1710
155,2019,F03,2141,2015,F03,106970.7431,1709
156,2019,F03,2141,2015,F02,223.9650138,1708
157,2019,F03,2141,2015,F04,103.1476,1710
158,2019,F04,2142,2015,F04,104952.9749,1710
159,2019,F05,2143,2015,F05,144797.3156,1711
160,2019,F06,2144,2015,F06,145388.4121,1712
161,2019,F06,2144,2015,E12,297.8725388,1699
162,2019,F07,2145,2015,F07,,1713
163,2019,F08,2146,2015,F08,316058.1398,1714
164,2019,F08,2146,2015,F06,13631.62173,1712
165,2019,F08,2146,2015,F07,232.8258277,1713
166,2019,F08,2146,2015,F10,82.40149926,1716
167,2019,F09,2147,2015,F09,278786.9693,1715
168,2019,F09,2147,2015,F10,5.223980875,1716
169,2019,F10,2148,2015,F10,146404.5786,1716
170,2019,F11,2149,2015,F11,330217.1274,1717
171,2019,F12,2150,2015,F11,166812.5372,1717
172,2019,F12,2150,2015,F08,148.0759602,1714
173,2019,F13,2151,2015,F16,90500.20368,1722
174,2019,F14,2152,2015,F12,2906559.081,1718
175,2019,F15,2153,2015,F13,322152.1717,1719
176,2019,F15,2153,2015,F15,330.661252,1721
177,2019,F16,2154,2015,F14,173314.5798,1720
178,2019,F17,2155,2015,F15,439106.193,1721
179,2019,F18,2156,2015,F17,532177.1006,1723
180,2019,F18,2156,2015,F16,288.9538213,1722
181,2019,F19,2157,2015,F18,99547.09343,1724
182,2019,F20,2158,2015,F18,162838.3428,1724
183,2019,F20,2158,2015,F23,1751.618046,1729
184,2019,F20,2158,2015,F17,193.1071299,1723
185,2019,F21,2159,2015,F19,206603.4356,1725
186,2019,F21,2159,2015,F01,7009.008263,1707
187,2019,F21,2159,2015,F23,1655.093104,1729
188,2019,F22,2160,2015,F23,1596024.958,1729
189,2019,F22,2160,2015,G09,640.9171625,1738
190,2019,F22,2160,2015,F19,220.0336589,1725
191,2019,F22,2160,2015,F17,199.1094613,1723
192,2019,F23,2161,2015,F20,151365.5403,1726
193,2019,F23,2161,2015,F22,357.2998032,1728
194,2019,F24,2162,2015,F21,965429.2054,1727
195,2019,F24,2162,2015,G08,954.1261137,1737
196,2019,F25,2163,2015,F22,425980.1578,1728
197,2019,G01,2164,2015,G01,341554.5093,1730
198,2019,G01,2164,2015,G11,10948.65575,1740
199,2019,G01,2164,2015,G04,0.3842997946,1733
200,2019,G02,2165,2015,G11,175401.6128,1740
201,2019,G03,2166,2015,G02,140447.4716,1731
202,2019,G04,2167,2015,G03,182687.9182,1732
203,2019,G05,2168,2015,G04,150221.0777,1733
204,2019,G05,2168,2015,G06,231.0087684,1735
205,2019,G05,2168,2015,G15,0.505787467,1744
206,2019,G06,2169,2015,G05,379233.7825,1734
207,2019,G07,2170,2015,G06,512151.858,1735
208,2019,G07,2170,2015,G04,105.4569748,1733
209,2019,G08,2171,2015,G07,432349.7927,1736
210,2019,G08,2171,2015,E15,1053.333796,1702
211,2019,G09,2172,2015,G08,758921.2692,1737
212,2019,G09,2172,2015,G06,134.322224,1735
213,2019,G10,2173,2015,G09,2044490.931,1738
214,2019,G11,2174,2015,G10,303987.1639,1739
215,2019,G11,2174,2015,G08,402.4927877,1737
216,2019,G11,2174,2015,G13,351.0159327,1742
217,2019,G12,2175,2015,G12,111555.5503,1741
218,2019,G12,2175,2015,H07,99.95986806,1760
219,2019,G13,2176,2015,G13,30935.92502,1742
220,2019,G14,2177,2015,G13,4131625.548,1742
221,2019,G14,2177,2015,G12,140727.7411,1741
222,2019,G14,2177,2015,G14,482.2749803,1743
223,2019,G14,2177,2015,G02,206.0304823,1731
224,2019,G14,2177,2015,C23,11.25372198,1658
225,2019,G14,2177,2015,C01,2.871744488,1636
226,2019,G15,2178,2015,G14,197199.9125,1743
227,2019,G16,2179,2015,G15,76571.82729,1744
228,2019,G16,2179,2015,G17,43.53292981,1746
229,2019,G17,2180,2015,G16,100210.4453,1745
230,2019,G18,2181,2015,G17,962786.3105,1746
231,2019,G19,2182,2015,G18,2182584.892,1747
232,2019,G19,2182,2015,G17,3795.749742,1746
233,2019,G19,2182,2015,C18,24.06182688,1653
234,2019,G19,2182,2015,C17,16.62476235,1652
235,2019,G19,2182,2015,C22,10.56314713,1657
236,2019,G20,2183,2015,G19,145275.5686,1748
237,2019,G21,2184,2015,G20,114081.6287,1749
238,2019,G22,2185,2015,G21,148621.4684,1750
239,2019,G22,2185,2015,G23,677.2702614,1752
240,2019,G23,2186,2015,G22,195160.7108,1751
241,2019,G24,2187,2015,G23,367750.1842,1752
242,2019,G24,2187,2015,E17,1345.215277,1704
243,2019,G25,2188,2015,G24,90040.42671,1753
244,2019,H01,2189,2015,H01,153594.3857,1754
245,2019,H01,2189,2015,H06,128.678398,1759
246,2019,H02,2190,2015,H07,80386.35773,1760
247,2019,H02,2190,2015,H02,64154.60053,1755
248,2019,H02,2190,2015,H06,30.75209718,1759
249,2019,H03,2191,2015,H03,320669.5606,1756
250,2019,H03,2191,2015,H10,372.4367998,1763
251,2019,H03,2191,2015,H02,11.53043294,1755
252,2019,H04,2192,2015,H04,183680.8193,1757
253,2019,H05,2193,2015,H05,110195.5141,1758
254,2019,H05,2193,2015,H16,204.0691241,1769
255,2019,H06,2194,2015,H06,662043.3095,1759
256,2019,H06,2194,2015,H19,1104.373463,1772
257,2019,H06,2194,2015,H04,896.1643695,1757
258,2019,H06,2194,2015,H25,474.1225448,1778
259,2019,H06,2194,2015,H24,182.0332877,1777
260,2019,H07,2195,2015,H07,335410.6014,1760
261,2019,H07,2195,2015,H06,448.9966292,1759
262,2019,H08,2196,2015,H08,245651.6638,1761
263,2019,H09,2197,2015,H09,243273.6284,1762
264,2019,H09,2197,2015,G10,671.9444304,1739
265,2019,H10,2198,2015,H10,176065.474,1763
266,2019,H11,2199,2015,H11,133906.1535,1764
267,2019,H12,2200,2015,H12,145957.0923,1765
268,2019,H13,2201,2015,H13,604801.9042,1766
269,2019,H14,2202,2015,H14,133848.8091,1767
270,2019,H14,2202,2015,H12,357.5380852,1765
271,2019,H15,2203,2015,H15,261689.2206,1768
272,2019,H15,2203,2015,H14,737.1238884,1767
273,2019,H15,2203,2015,H04,314.0459536,1757
274,2019,H16,2204,2015,H16,174891.5099,1769
275,2019,H16,2204,2015,H19,2617.160991,1772
276,2019,H17,2205,2015,H17,466830.7245,1770
277,2019,H18,2206,2015,H18,1633959.362,1771
278,2019,H19,2207,2015,H19,136765.626,1772
279,2019,H20,2208,2015,H20,1629890.101,1773
280,2019,H21,2209,2015,H21,651550.2439,1774
281,2019,H22,2210,2015,H22,80022.02107,1775
282,2019,H23,2211,2015,H23,177810.3135,1776
283,2019,H23,2211,2015,H24,672.229216,1777
284,2019,H23,2211,2015,J05,270.7759509,1783
285,2019,H23,2211,2015,H20,27.63812454,1773
286,2019,H24,2212,2015,H24,413030.3999,1777
287,2019,H24,2212,2015,H06,335.4901778,1759
288,2019,H25,2213,2015,H25,91702.0378,1778
289,2019,H25,2213,2015,H07,218.2006233,1760
290,2019,J01,2214,2015,J01,2053846.606,1779
291,2019,J01,2214,2015,J02,655.2554607,1780
292,2019,J02,2215,2015,J02,807899.5538,1780
293,2019,J02,2215,2015,J34,612.897292,1812
294,2019,J03,2216,2015,J03,414875.6821,1781
295,2019,J03,2216,2015,J06,86729.74006,1784
296,2019,J04,2217,2015,J04,130016.1704,1782
297,2019,J04,2217,2015,H25,292.2334634,1778
298,2019,J04,2217,2015,H24,23.89544407,1777
299,2019,J05,2218,2015,J05,220996.6114,1783
300,2019,J06,2219,2015,J06,210472.9915,1784
301,2019,J06,2219,2015,J08,41.92445522,1786
302,2019,J07,2220,2015,J07,203154.0405,1785
303,2019,J07,2220,2015,J35,778.1232935,1813
304,2019,J08,2221,2015,J08,662187.7044,1786
305,2019,J09,2222,2015,J09,276540.7064,1787
306,2019,J10,2223,2015,J11,118679.1835,1789
307,2019,J10,2223,2015,J10,93157.81886,1788
308,2019,J11,2224,2015,J11,210989.0886,1789
309,2019,J12,2225,2015,J12,240906.9453,1790
310,2019,J12,2225,2015,J11,1057.249562,1789
311,2019,J13,2226,2015,J11,96935.28752,1789
312,2019,J13,2226,2015,J15,60013.80671,1793
313,2019,J13,2226,2015,J12,31899.3739,1790
314,2019,J13,2226,2015,Q05,172.306171,1939
315,2019,J14,2227,2015,J11,177811.181,1789
316,2019,J15,2228,2015,J14,79706.82609,1792
317,2019,J15,2228,2015,J15,6256.295215,1793
318,2019,J15,2228,2015,J13,127.203792,1791
319,2019,J16,2229,2015,J11,257613.2547,1789
320,2019,J16,2229,2015,J27,205.1184144,1805
321,2019,J16,2229,2015,J15,71.40334136,1793
322,2019,J16,2229,2015,J16,1.662882763,1794
323,2019,J17,2230,2015,J18,545054.956,1796
324,2019,J18,2231,2015,J16,100488.8481,1794
325,2019,J19,2232,2015,J17,143442.2099,1795
326,2019,J19,2232,2015,J26,898.3240176,1804
327,2019,J20,2233,2015,J19,112047.3584,1797
328,2019,J20,2233,2015,J17,21453.83042,1795
329,2019,J21,2234,2015,J20,158257.8536,1798
330,2019,J21,2234,2015,J23,8.638038263,1801
331,2019,J22,2235,2015,J22,82737.56373,1800
332,2019,J22,2235,2015,J24,189.3940988,1802
333,2019,J22,2235,2015,J23,93.10048923,1801
334,2019,J23,2236,2015,J21,203915.546,1799
335,2019,J24,2237,2015,J23,78018.80987,1801
336,2019,J25,2238,2015,J22,82737.56373,1800
337,2019,J25,2238,2015,J24,189.3940988,1802
338,2019,J25,2238,2015,J23,93.10048923,1801
339,2019,J26,2239,2015,J24,2816237.535,1802
340,2019,J27,2240,2015,J25,946574.8736,1803
341,2019,J28,2241,2015,J26,167849.2987,1804
342,2019,J29,2242,2015,J27,362557.4531,1805
343,2019,J29,2242,2015,J16,701.0320177,1794
344,2019,J29,2242,2015,J12,12.39007653,1790
345,2019,J30,2243,2015,J13,208018.7339,1791
346,2019,J31,2244,2015,J28,80774.71821,1806
347,2019,J32,2245,2015,J29,107188.6347,1807
348,2019,J33,2246,2015,J30,203711.8062,1808
349,2019,J34,2247,2015,J37,93887.27388,1815
350,2019,J34,2247,2015,J08,370.6270224,1786
351,2019,J35,2248,2015,J36,196587.527,1814
352,2019,J35,2248,2015,J33,463.3134057,1811
353,2019,J36,2249,2015,J31,177636.4537,1809
354,2019,J37,2250,2015,J32,81254.29484,1810
355,2019,J38,2251,2015,J33,78386.0305,1811
356,2019,J38,2251,2015,J01,342.4508676,1779
357,2019,J38,2251,2015,J31,263.360954,1809
358,2019,J39,2252,2015,J34,220146.7632,1812
359,2019,J40,2253,2015,J35,58323.84778,1813
360,2019,K01,2254,2015,K01,212092.4727,1816
361,2019,K02,2255,2015,K02,214150.5321,1817
362,2019,K02,2255,2015,S18,318.5546255,2017
363,2019,K03,2256,2015,K11,178185.173,1826
364,2019,K03,2256,2015,K01,57262.51948,1816
365,2019,K04,2257,2015,K03,226276.1062,1818
366,2019,K05,2258,2015,K11,1301803.642,1826
367,2019,K05,2258,2015,K07,556.3942841,1822
368,2019,K05,2258,2015,K06,518.4128449,1821
369,2019,K05,2258,2015,S28,5.244124718,2027
370,2019,K06,2259,2015,K04,182022.6819,1819
371,2019,K07,2260,2015,K07,141298.5365,1822
372,2019,K08,2261,2015,K06,167450.6094,1821
373,2019,K09,2262,2015,K05,161610.2162,1820
374,2019,K10,2263,2015,K14,367983.4793,1829
375,2019,K11,2264,2015,K13,33519853.73,1828
376,2019,K12,2265,2015,K12,4240511.117,1827
377,2019,K13,2266,2015,K10,9911679.96,1825
378,2019,K14,2267,2015,K09,9435392.382,1824
379,2019,K14,2267,2015,K11,2014.871315,1826
380,2019,K15,2268,2015,K08,8210005.661,1823
381,2019,K16,2269,2015,K18,603984.865,1833
382,2019,K16,2269,2015,K14,399080.2325,1829
383,2019,K17,2270,2015,K17,14101611.09,1832
384,2019,K18,2271,2015,K16,90366.33791,1831
385,2019,K19,2272,2015,K15,682129.9785,1830
386,2019,L01,2273,2015,L01,293332.4028,1834
387,2019,L01,2273,2015,L07,223.0113916,1840
388,2019,L02,2274,2015,L02,302245.2079,1835
389,2019,L02,2274,2015,L13,365.9959918,1846
390,2019,L03,2275,2015,L04,167151.4288,1837
391,2019,L04,2276,2015,L03,238171.8495,1836
392,2019,L05,2277,2015,L05,84414.07457,1838
393,2019,L05,2277,2015,L03,583.3764019,1836
394,2019,L06,2278,2015,L06,521030.9451,1839
395,2019,L06,2278,2015,L14,638.1577012,1847
396,2019,L06,2278,2015,L02,229.2667177,1835
397,2019,L07,2279,2015,L07,503294.8449,1840
398,2019,L07,2279,2015,L11,401.8048696,1844
399,2019,L08,2280,2015,L08,138517.2808,1841
400,2019,L09,2281,2015,L09,271308.1546,1842
401,2019,L10,2282,2015,L10,169886.6645,1843
402,2019,L10,2282,2015,L25,626.3989195,1858
403,2019,L11,2283,2015,L11,10773395.48,1844
404,2019,L11,2283,2015,L07,452.3950511,1840
405,2019,L11,2283,2015,L10,51.57022999,1843
406,2019,L12,2284,2015,L13,2802534.49,1846
407,2019,L13,2285,2015,L12,37034442.4,1845
408,2019,L13,2285,2015,L16,338.7035174,1849
409,2019,L14,2286,2015,L13,654369.1315,1846
410,2019,L14,2286,2015,L04,38.65462663,1837
411,2019,L15,2287,2015,L15,156901.2102,1848
412,2019,L15,2287,2015,L14,303.8158545,1847
413,2019,L16,2288,2015,L16,150587.502,1849
414,2019,L17,2289,2015,L17,,1850
415,2019,L18,2290,2015,L18,183009.868,1851
416,2019,L19,2291,2015,L14,276182.6665,1847
417,2019,L20,2292,2015,L19,102499629.1,1852
418,2019,L21,2293,2015,L20,1668522.328,1853
419,2019,L22,2294,2015,L21,2152323.678,1854
420,2019,L23,2295,2015,L22,119076.4736,1855
421,2019,L24,2296,2015,L23,86034.16353,1856
422,2019,L24,2296,2015,L24,137.9927687,1857
423,2019,L25,2297,2015,L24,9083091.307,1857
424,2019,L26,2298,2015,L25,174198.6674,1858
425,2019,L26,2298,2015,L23,460.3345173,1856
426,2019,L27,2299,2015,L26,660778.5072,1859
427,2019,L28,2300,2015,L24,832897.1628,1857
428,2019,L29,2301,2015,L29,4048225.985,1862
429,2019,L30,2302,2015,L28,945261.8068,1861
430,2019,L31,2303,2015,L27,644956.4973,1860
431,2019,M01,2304,2015,M01,431387.9757,1863
432,2019,M01,2304,2015,M07,318.6933489,1869
433,2019,M01,2304,2015,M02,231.3193417,1864
434,2019,M02,2305,2015,M05,234050.4645,1867
435,2019,M02,2305,2015,M04,208.6204416,1866
436,2019,M02,2305,2015,M02,81.79019793,1864
437,2019,M03,2306,2015,M07,251834.9535,1869
438,2019,M04,2307,2015,M06,286194.3362,1868
439,2019,M04,2307,2015,M09,39.73030128,1871
440,2019,M05,2308,2015,M09,917598.8497,1871
441,2019,M05,2308,2015,M08,1346.645379,1870
442,2019,M05,2308,2015,M10,1210.363601,1872
443,2019,M06,2309,2015,M02,437644.4457,1864
444,2019,M07,2310,2015,M03,166562.9379,1865
445,2019,M08,2311,2015,M04,74778.73109,1866
446,2019,M09,2312,2015,M04,312928.0445,1866
447,2019,M09,2312,2015,M05,88094.84526,1867
448,2019,M09,2312,2015,M13,845.5535376,1875
449,2019,M09,2312,2015,M02,0.0004884317389,1864
450,2019,M10,2313,2015,M08,1901684.898,1870
451,2019,M10,2313,2015,M13,1060.366625,1875
452,2019,M11,2314,2015,M08,7213525.928,1870
453,2019,M12,2315,2015,M10,7284907.785,1872
454,2019,M13,2316,2015,M11,4926746.235,1873
455,2019,M14,2317,2015,M11,96585.78918,1873
456,2019,M14,2317,2015,M12,25133.61179,1874
457,2019,M15,2318,2015,M14,44374350.81,1876
458,2019,M16,2319,2015,M12,4332934.325,1874
459,2019,M16,2319,2015,M14,979.4230479,1876
460,2019,M16,2319,2015,M03,942.0568626,1865
461,2019,M16,2319,2015,M15,133.6064659,1877
462,2019,M17,2320,2015,M12,52248.48422,1874
463,2019,M17,2320,2015,M15,47474.9887,1877
464,2019,M17,2320,2015,M28,70.8197907,1890
465,2019,M18,2321,2015,M15,155367.1791,1877
466,2019,M18,2321,2015,M28,887.4063585,1890
467,2019,M18,2321,2015,M12,480.9717847,1874
468,2019,M19,2322,2015,M28,97285.57581,1890
469,2019,M19,2322,2015,M12,781.9202742,1874
470,2019,M19,2322,2015,M26,2.153054007,1888
471,2019,M20,2323,2015,M27,87584.44778,1889
472,2019,M21,2324,2015,M26,155121.1066,1888
473,2019,M22,2325,2015,M29,541138.016,1891
474,2019,M22,2325,2015,M26,869.7432465,1888
475,2019,M22,2325,2015,M17,40.60567775,1879
476,2019,M23,2326,2015,M16,175861.8812,1878
477,2019,M23,2326,2015,M13,22.434732,1875
478,2019,M24,2327,2015,M17,186349.6262,1879
479,2019,M25,2328,2015,M18,123303.9429,1880
480,2019,M25,2328,2015,M19,319.3479473,1881
481,2019,M26,2329,2015,M30,119968.565,1892
482,2019,M27,2330,2015,M25,367502.6054,1887
483,2019,M27,2330,2015,M30,882.7081455,1892
484,2019,M28,2331,2015,M19,167923.3659,1881
485,2019,M29,2332,2015,M24,290801.8747,1886
486,2019,M30,2333,2015,M20,119968.565,1882
487,2019,M31,2334,2015,M21,133544.181,1883
488,2019,M32,2335,2015,M22,214330.7489,1884
489,2019,M33,2336,2015,M23,685768.2154,1885
490,2019,M33,2336,2015,M12,231.4434993,1874
491,2019,M34,2337,2015,M13,23237522.92,1875
492,2019,M34,2337,2015,M29,1084.593936,1891
493,2019,M34,2337,2015,M21,108.1602289,1883
494,2019,M34,2337,2015,M20,0.3909195696,1882
495,2019,M35,2338,2015,M31,8513539.259,1893
496,2019,M36,2339,2015,M32,27825144.93,1894
497,2019,M37,2340,2015,M33,9038370.435,1895
498,2019,M38,2341,2015,M34,16756942.67,1896
499,2019,M39,2342,2015,M35,23453691.16,1897
500,2019,N01,2343,2015,N01,230738.3989,1898
501,2019,N02,2344,2015,N02,1367454.629,1899
502,2019,N03,2345,2015,N03,180424.3602,1900
503,2019,N04,2346,2015,N04,130212.5313,1901
504,2019,N05,2347,2015,N05,97550.79711,1902
505,2019,N06,2348,2015,N06,3080787.309,1903
506,2019,N06,2348,2015,P17,302.0304404,1932
507,2019,N07,2349,2015,N08,677426.0623,1905
508,2019,N07,2349,2015,N03,316.2312755,1900
509,2019,N08,2350,2015,N07,143148.2524,1904
510,2019,N08,2350,2015,N02,442.6873045,1899
511,2019,N09,2351,2015,N09,90748.15192,1906
512,2019,N09,2351,2015,N08,1647.761963,1905
513,2019,N10,2352,2015,N10,5471902.739,1907
514,2019,N10,2352,2015,N13,913.2673262,1910
515,2019,N11,2353,2015,N11,19784357.28,1908
516,2019,N11,2353,2015,N13,354.1416644,1910
517,2019,N12,2354,2015,N12,126596.4271,1909
518,2019,N13,2355,2015,N13,670879.1799,1910
519,2019,N13,2355,2015,N17,2.802308547,1914
520,2019,N14,2356,2015,N14,211013.213,1911
521,2019,N15,2357,2015,N15,3077165.821,1912
522,2019,N15,2357,2015,N17,121.9668811,1914
523,2019,N16,2358,2015,N16,133648249.1,1913
524,2019,N17,2359,2015,N17,785470.1525,1914
525,2019,N18,2360,2015,N18,15985903.66,1915
526,2019,P01,2361,2015,P01,394143.8831,1916
527,2019,P02,2362,2015,P03,168523.5313,1918
528,2019,P02,2362,2015,P07,749.0677083,1922
529,2019,P03,2363,2015,P02,230365.844,1917
530,2019,P04,2364,2015,P04,137739.586,1919
531,2019,P05,2365,2015,P05,399804.8581,1920
532,2019,P05,2365,2015,P04,286.6088746,1919
533,2019,P06,2366,2015,P06,194509.123,1921
534,2019,P07,2367,2015,P07,153155.1627,1922
535,2019,P07,2367,2015,P17,136.1048401,1932
536,2019,P08,2368,2015,P08,233462.5988,1923
537,2019,P09,2369,2015,P09,357621.584,1924
538,2019,P09,2369,2015,P17,117.7922877,1932
539,2019,P10,2370,2015,P10,16876519.3,1925
540,2019,P10,2370,2015,P08,361.5091093,1923
541,2019,P11,2371,2015,P11,121922.6202,1926
542,2019,P12,2372,2015,P12,943394.9974,1927
543,2019,P13,2373,2015,P13,18536773.47,1928
544,2019,P14,2374,2015,P14,100937.5876,1929
545,2019,P15,2375,2015,P15,122492.6596,1930
546,2019,P16,2376,2015,P16,148158.2567,1931
547,2019,P16,2376,2015,P13,2362.341454,1928
548,2019,P17,2377,2015,P17,19427391.24,1932
549,2019,P18,2378,2015,P18,102624911,1933
550,2019,P19,2379,2015,P19,177477447.8,1934
551,2019,P19,2379,2015,P18,23939.30385,1933
552,2019,Q01,2380,2015,Q01,1559269.263,1935
553,2019,Q02,2381,2015,Q02,23210550.61,1936
554,2019,Q02,2381,2015,Q04,2584.514121,1938
555,2019,Q03,2382,2015,Q03,330828028.9,1937
556,2019,Q04,2383,2015,Q04,390788370.7,1938
557,2019,Q04,2383,2015,Q03,20962.28692,1937
558,2019,Q05,2384,2015,Q05,9913430.146,1939
559,2019,Q05,2384,2015,Q21,349.158239,1955
560,2019,Q06,2385,2015,Q10,157697.448,1944
561,2019,Q07,2386,2015,Q09,102574.6253,1943
562,2019,Q07,2386,2015,Q07,61.46019998,1941
563,2019,Q08,2387,2015,Q08,79072.82312,1942
564,2019,Q08,2387,2015,Q09,2658.251604,1943
565,2019,Q09,2388,2015,Q07,1522931.193,1941
566,2019,Q09,2388,2015,Q06,2454.086547,1940
567,2019,Q09,2388,2015,Q10,383.5184678,1944
568,2019,Q10,2389,2015,Q06,497943.3739,1940
569,2019,Q10,2389,2015,Q13,22014.53947,1947
570,2019,Q11,2390,2015,Q06,87114.88203,1940
571,2019,Q11,2390,2015,Q12,52.76914555,1946
572,2019,Q12,2391,2015,Q12,187216.6004,1946
573,2019,Q12,2391,2015,Q24,202.6144066,1958
574,2019,Q13,2392,2015,Q24,69.21221226,1958
575,2019,Q14,2393,2015,Q24,85854.69257,1958
576,2019,Q14,2393,2015,Q05,381.0495712,1939
577,2019,Q14,2393,2015,Q11,34.7203353,1945
578,2019,Q15,2394,2015,Q25,274527.1324,1959
579,2019,Q16,2395,2015,Q15,483833.6422,1949
580,2019,Q17,2396,2015,Q16,333200.6285,1950
581,2019,Q18,2397,2015,Q17,208618.8767,1951
582,2019,Q19,2398,2015,Q18,129255.9566,1952
583,2019,Q20,2399,2015,Q19,38402.25175,1953
584,2019,Q20,2399,2015,Q15,29302.76782,1949
585,2019,Q20,2399,2015,Q18,12.08771294,1952
586,2019,Q21,2400,2015,Q19,213875.5551,1953
587,2019,Q21,2400,2015,Q15,806.8074217,1949
588,2019,Q21,2400,2015,Q18,650.0946543,1952
589,2019,Q22,2401,2015,Q20,134449.753,1954
590,2019,Q22,2401,2015,Q05,545.0093424,1939
591,2019,Q22,2401,2015,Q21,359.6033431,1955
592,2019,Q23,2402,2015,Q21,114957.9975,1955
593,2019,Q24,2403,2015,Q22,174542.2101,1956
594,2019,Q25,2404,2015,Q23,84642.82071,1957
595,2019,Q26,2405,2015,Q14,166666.6766,1948
596,2019,Q27,2406,2015,Q13,283437.9263,1947
597,2019,Q27,2406,2015,Q06,40.57979281,1940
598,2019,Q28,2407,2015,Q26,1085677.21,1960
599,2019,Q29,2408,2015,Q27,5745691.285,1961
600,2019,R01,2409,2015,R01,796773.769,1962
601,2019,R02,2410,2015,R02,1300902.11,1963
602,2019,R03,2411,2015,R03,302129.8401,1964
603,2019,R04,2412,2015,R04,232453.6006,1965
604,2019,R05,2413,2015,R05,166119.5798,1966
605,2019,R06,2414,2015,R06,691274.7635,1967
606,2019,R06,2414,2015,R09,1326.412563,1970
607,2019,R06,2414,2015,R04,766.5764253,1965
608,2019,R07,2415,2015,R07,124808.1497,1968
609,2019,R08,2416,2015,R08,129316.6056,1969
610,2019,R09,2417,2015,R09,3805091.124,1970
611,2019,R10,2418,2015,R09,704840.3978,1970
612,2019,R10,2418,2015,R08,1723.637212,1969
613,2019,R11,2419,2015,R10,228136.2594,1971
614,2019,R12,2420,2015,R11,2194673.602,1972
615,2019,R13,2421,2015,R12,1376317.585,1973
616,2019,R13,2421,2015,H13,327.3933553,1766
617,2019,R14,2422,2015,R13,638154.7093,1974
618,2019,R15,2423,2015,R14,9269954.747,1975
619,2019,R16,2424,2015,R15,175084.5621,1976
620,2019,R17,2425,2015,R16,460163.5201,1977
621,2019,R18,2426,2015,R17,184506.0112,1978
622,2019,R18,2426,2015,R18,874.796013,1979
623,2019,R19,2427,2015,R18,222406.3823,1979
624,2019,R19,2427,2015,R15,83193.44658,1976
625,2019,R20,2428,2015,R19,274205.184,1980
626,2019,R20,2428,2015,R15,349.9083767,1976
627,2019,R21,2429,2015,R20,4504311.91,1981
628,2019,R22,2430,2015,R21,2213960.809,1982
629,2019,R22,2430,2015,R22,1754592.349,1983
630,2019,R23,2431,2015,R22,7368023.612,1983
631,2019,R23,2431,2015,R04,327.2323775,1965
632,2019,R24,2432,2015,R23,5973974.476,1984
633,2019,R24,2432,2015,P18,611.8436555,1933
634,2019,R24,2432,2015,R25,449.6267381,1986
635,2019,R25,2433,2015,R24,198914.9328,1985
636,2019,R25,2433,2015,R33,173393.7582,1994
637,2019,R25,2433,2015,R23,6.952586883,1984
638,2019,R26,2434,2015,R24,304369.9766,1985
639,2019,R27,2435,2015,R25,362278.9264,1986
640,2019,R28,2436,2015,R26,809345.2813,1987
641,2019,R29,2437,2015,R29,2518034.783,1990
642,2019,R30,2438,2015,R27,410672.4605,1988
643,2019,R31,2439,2015,R28,209266.9821,1989
644,2019,R32,2440,2015,R30,313049.6875,1991
645,2019,R32,2440,2015,R24,1.287687374,1985
646,2019,R33,2441,2015,R31,109516.5073,1992
647,2019,R34,2442,2015,R32,203802.9822,1993
648,2019,R35,2443,2015,R34,9327788.369,1995
649,2019,R36,2444,2015,R33,236290.8579,1994
650,2019,R36,2444,2015,R34,774.0941611,1995
651,2019,R37,2445,2015,R35,11102905.02,1996
652,2019,R37,2445,2015,R33,798.6780556,1994
653,2019,R38,2446,2015,R36,94323.29137,1997
654,2019,R38,2446,2015,R37,72321.6639,1998
655,2019,R38,2446,2015,R04,658.2738582,1965
656,2019,R38,2446,2015,R38,26.15674201,1999
657,2019,R39,2447,2015,R36,567103.5329,1997
658,2019,R40,2448,2015,R37,2104046.948,1998
659,2019,R40,2448,2015,R36,1776.942997,1997
660,2019,R41,2449,2015,R38,88530.63295,1999
661,2019,S01,2450,2015,S01,88106.51549,2000
662,2019,S01,2450,2015,S07,389.8340679,2006
663,2019,S02,2451,2015,S16,252064.2432,2015
664,2019,S02,2451,2015,S01,74296.45049,2000
665,2019,S03,2452,2015,S02,109401.911,2001
666,2019,S04,2453,2015,S03,83898.16893,2002
667,2019,S05,2454,2015,S04,89369.21598,2003
668,2019,S06,2455,2015,S06,173443.0488,2005
669,2019,S06,2455,2015,S02,923.255292,2001
670,2019,S07,2456,2015,S05,201444.6874,2004
671,2019,S08,2457,2015,S07,265670.82,2006
672,2019,S09,2458,2015,S11,220292.5948,2010
673,2019,S10,2459,2015,S11,37729.61496,2010
674,2019,S10,2459,2015,S10,21937.68263,2009
675,2019,S11,2460,2015,S08,1256368.992,2007
676,2019,S12,2461,2015,S10,91028.68398,2009
677,2019,S12,2461,2015,S08,111.9711492,2007
678,2019,S13,2462,2015,S09,658340.2543,2008
679,2019,S13,2462,2015,S14,342.2711294,2013
680,2019,S14,2463,2015,S12,459441.1457,2011
681,2019,S14,2463,2015,S09,948.9272478,2008
682,2019,S15,2464,2015,S16,430308.022,2015
683,2019,S16,2465,2015,S13,843044.1882,2012
684,2019,S17,2466,2015,S14,1463685.171,2013
685,2019,S18,2467,2015,S15,774117.1551,2014
686,2019,S19,2468,2015,S17,5434963.562,2016
687,2019,S20,2469,2015,S18,1853673.136,2017
688,2019,S20,2469,2015,K11,402.9387307,1826
689,2019,S21,2470,2015,S19,340037.6312,2018
690,2019,S22,2471,2015,S20,427170.0865,2019
691,2019,S23,2472,2015,S21,140627.163,2020
692,2019,S24,2473,2015,S22,645129.7593,2021
693,2019,S25,2474,2015,S23,226306.4426,2022
694,2019,S26,2475,2015,S24,162739.686,2023
695,2019,S26,2475,2015,S22,498.6373566,2021
696,2019,S27,2476,2015,S25,88851.24566,2024
697,2019,S27,2476,2015,S26,242.989548,2025
698,2019,S28,2477,2015,S26,29002363.92,2025
699,2019,S29,2478,2015,S27,2696856.338,2026
700,2019,S29,2478,2015,S29,606.2256394,2028
701,2019,S30,2479,2015,S28,753811.2822,2027
702,2019,S31,2480,2015,S29,87967.22061,2028
703,2019,T01,2481,2015,T01,314999412.2,2029
704,2019,T01,2481,2015,T09,23.35995221,2037
705,2019,T02,2482,2015,T03,178698.7113,2031
706,2019,T03,2483,2015,T02,80072.57667,2030
707,2019,T04,2484,2015,T05,363363.7277,2033
708,2019,T05,2485,2015,T04,424957.8548,2032
709,2019,T06,2486,2015,T05,30922954.37,2033
710,2019,T07,2487,2015,T06,25757031.27,2034
711,2019,T08,2488,2015,T07,45669380.72,2035
712,2019,T09,2489,2015,T08,233266571.4,2036
713,2019,T10,2490,2015,T10,8917324.099,2038
714,2019,T10,2490,2015,T09,7003558.717,2037